﻿Designator,Footprint,Quantity,Value,LCSC Part #
C1,0603,1,220n,
"C10, C9",C_Elec_10x10.2,2,500V 3.9u,
"C11, C13",0603,2,10u,
"C12, C14, C2, C20, C21, C3, C5, C6",0603,8,0.1u,
C15,CP_Elec_6.3x7.7,1,100u,
"C22, C4",0603,2,1u,
C7,0603,1,2.2u,
C8,0603,1,470p,
D1,D_SOD-323F,1,BZT52C5V1SQ-7-F,
D10,D_SOD-323,1,1N4148WS,
D13,0603,1,LED-Green,
"D14, D7",0603,2,LED-Red,
D3,0603,1,LED-Yellow,
D4,D_SMA,1,STTH1R06A,
D5,D_SMB,1,SSB43L,
D6,D_SOD-123,1,1N4007,
"H1, H2, H3, H4",MountingHole_3.2mm_M3,4,MountingHole,
J1,TE_MATE-N-LOK_1-770966-x_1x02_P4.14mm_Horizontal,1,TE 770966-2,
J2,JST_XA_B04B-XASK-1-A_1x04_P2.50mm_Vertical,1,JST B04B-XASK,
"J3, J4",TE_MATE-N-LOK_1-770966-x_1x02_P4.14mm_Horizontal,2,Conn_01x02,
J6,TE_MATE-N-LOK_1-770968-x_2x02_P4.14mm_Horizontal,1,Conn_01x04,
JP1,SolderJumper-2_P1.3mm_Open_RoundedPad1.0x1.5mm,1,SolderJumper_2_Open,
L1,L_12x12mm_H8mm,1,1.2m,
L2,1210,1,1m,
"Q2, Q5",SOT-23,2,MMBT3904,
"Q3, Q4, Q6",NMOSGDS_D2PAK_INF,3,IRLZ44N,
"R1, R15, R2, R35",0603,4,2.2k,
"R11, R20, R32, R34, R36, R9",0603,6,22k,
"R12, R16, R30, R33, R37",0603,5,220k,
"R13, R38",0603,2,100k,
"R14, R19, R24, R31, R39, R40, R6",0603,7,1k,
"R17, R18",0603,2,20k,
R21,0603,1,0,
R23,0603,1,24k,
"R28, R29, R3, R4",1206,4,500k,
R5,1206,1,20K,
RV1,Potentiometer_Bourns_3269W_Vertical,1,R_Potentiometer,
"TP1, TP2, TP3, TP4, TP5, TP6",TestPoint_Keystone_5019_Minature,6,TestPoint,
U1,SOIC-8_3.9x4.9mm_P1.27mm,1,TL431D,
U2,SOT-23-5,1,LMV331,
U3,SO_0DVER_TEX,1,UCC12040DVE,
U4,SMDIP-4_W9.53mm,1,LTV-817S,
"U5, U9",M08A-L,2,LM555xN,
U6,TO-252-2,1,L7805,
U7,TSOT23-5_MP174A_MNP,1,MP174AGJ-Z,
U8,SOIC-14_3.9x8.7mm_P1.27mm,1,CD4093BM96,
